[
  {
    "id": "cb69f5a5-b5cb-4540-a08f-3cd04adea6b7",
    "data": [
      {
        "text": "Good ",
        "userDefined": false
      },
      {
        "text": "Afternoon",
        "meta": "@sys.ignore",
        "userDefined": false
      }
    ],
    "isTemplate": false,
    "count": 0
  },
  {
    "id": "c50a7b30-ed56-4876-bb5b-af5ed75b41aa",
    "data": [
      {
        "text": "Good Morining",
        "userDefined": false
      }
    ],
    "isTemplate": false,
    "count": 0
  },
  {
    "id": "b811b0ca-0c28-4efa-9d89-ed8bb36f8be4",
    "data": [
      {
        "text": "Good Evening",
        "userDefined": false
      }
    ],
    "isTemplate": false,
    "count": 0
  },
  {
    "id": "ac5782b2-b3b5-4c2b-a66b-e7233f3a42c4",
    "data": [
      {
        "text": "Hi",
        "userDefined": false
      }
    ],
    "isTemplate": false,
    "count": 0
  },
  {
    "id": "336a1a5f-587d-47f4-9300-ce830d600c14",
    "data": [
      {
        "text": "Hello",
        "userDefined": false
      }
    ],
    "isTemplate": false,
    "count": 0
  }
]