[
  {
    "id": "ddd966ea-51fd-4d79-9e32-50dd1b39695e",
    "data": [
      {
        "text": "felicita od",
        "alias": "M_name",
        "meta": "@medicines",
        "userDefined": true
      }
    ],
    "isTemplate": false,
    "count": 0,
    "updated": 1520591216
  },
  {
    "id": "47bc7a3c-5da1-4038-abee-7e1e3ae4199c",
    "data": [
      {
        "text": "aspirine",
        "alias": "M_name",
        "meta": "@medicines",
        "userDefined": false
      },
      {
        "text": " details",
        "userDefined": false
      }
    ],
    "isTemplate": false,
    "count": 0,
    "updated": 0
  },
  {
    "id": "7309eedb-ad88-4614-9114-d6aebdc87ca4",
    "data": [
      {
        "text": "Paracetamol",
        "alias": "M_name",
        "meta": "@medicines",
        "userDefined": false
      }
    ],
    "isTemplate": false,
    "count": 1,
    "updated": 1518773282
  },
  {
    "id": "f056f9d4-6932-43e7-ac63-d8812619c9f7",
    "data": [
      {
        "text": "paracetamol",
        "alias": "M_name",
        "meta": "@medicines",
        "userDefined": false
      },
      {
        "text": " details",
        "userDefined": false
      }
    ],
    "isTemplate": false,
    "count": 0,
    "updated": 0
  },
  {
    "id": "cab0282d-4653-419b-8c7c-173f646eaf14",
    "data": [
      {
        "text": "dolo",
        "alias": "M_name",
        "meta": "@medicines",
        "userDefined": false
      },
      {
        "text": " details",
        "userDefined": false
      }
    ],
    "isTemplate": false,
    "count": 0,
    "updated": 1520588798
  },
  {
    "id": "eb104278-c200-4080-95ab-3370b6bbc1f8",
    "data": [
      {
        "text": "Dolo",
        "alias": "M_name",
        "meta": "@medicines",
        "userDefined": false
      }
    ],
    "isTemplate": false,
    "count": 0,
    "updated": 1518773282
  },
  {
    "id": "0c825a16-4b5f-4cd1-9aa8-b9a3f9e875a9",
    "data": [
      {
        "text": "dolo",
        "alias": "M_name",
        "meta": "@medicines",
        "userDefined": false
      }
    ],
    "isTemplate": false,
    "count": 0,
    "updated": 1518773282
  },
  {
    "id": "6c2b043b-a96d-4088-b2cf-3b83a06f8b80",
    "data": [
      {
        "text": "Is paracitmol available.",
        "userDefined": false
      }
    ],
    "isTemplate": false,
    "count": 0,
    "updated": 1518773282
  },
  {
    "id": "6726bc39-204a-4080-89a1-571fddae241d",
    "data": [
      {
        "text": "is the medicine available.",
        "userDefined": false
      }
    ],
    "isTemplate": false,
    "count": 0,
    "updated": 1518773282
  },
  {
    "id": "786996dc-3082-43b2-98a9-781c50139bc8",
    "data": [
      {
        "text": "Can you tell me whether the medicine is available?",
        "userDefined": false
      }
    ],
    "isTemplate": false,
    "count": 0,
    "updated": 1518773282
  },
  {
    "id": "c5483430-41d3-4089-bb00-8a6a411cf988",
    "data": [
      {
        "text": "Medicines",
        "userDefined": false
      }
    ],
    "isTemplate": false,
    "count": 0,
    "updated": 1518773282
  },
  {
    "id": "ad9365c3-fdf3-4fde-9125-4abb6d5e1f14",
    "data": [
      {
        "text": "Do you have the medicines?",
        "userDefined": false
      }
    ],
    "isTemplate": false,
    "count": 0,
    "updated": 1518773282
  }
]