[
  {
    "value": "Paracetamol",
    "synonyms": [
      "paracitmal",
      "paracit",
      "paracitmol 500 mg",
      "paracetamol",
      "paracitmol",
      "paracetomal",
      "paracetomol"
    ]
  },
  {
    "value": "Dolo",
    "synonyms": [
      "Dolo 500mg",
      "Dolo",
      "Dolo500mg"
    ]
  },
  {
    "value": "Aspirine",
    "synonyms": [
      "Aspirine",
      "asprine"
    ]
  },
  {
    "value": "Gabapentin",
    "synonyms": [
      "gabapentin",
      "gabapentin 300mg",
      "Gabapentin"
    ]
  },
  {
    "value": "Felicita od",
    "synonyms": [
      "Felicita od",
      "felicita od"
    ]
  },
  {
    "value": "Etova-Mr",
    "synonyms": [
      "Etova-Mr",
      "etova mr",
      "etovamr",
      "etovamr 300mg"
    ]
  }
]