1,KMC Hospital,"Ambedkar Circle, Mangalore - 575001",180030014000
2,Manipal Hospitals Goa,"Dr. E Borges Road, Dona Paula, Panaji, Goa 403004",180030014000
3,Manipal Hospital Jaipur,"Sector 5, Main Sikar Road, Vidhyadhar Nagar, Jaipur, Rajasthan 302013.",180030014000
4,Manipal Hospitals Salem,"Dalmia Board, Salem-Bangalore Highway, Salem - 636 012, Tamil Nadu",04272346600
5,Manipal Hospital Vijayawada,"NH-5, Tadepalli, Vijayawada, Guntur District - 522501, Andhra Pradesh , India",180030014000
